Timestamp,Terminal,MemberId,Action,Result,Message
2026-05-19T10:47:00.084,AUTH,,LOGIN_ADMIN,SUCCESS,Admin login successful
2026-05-19T10:47:05.081,ADMIN,000004D2,ACTIVATE,DENIED,ERROR: Initialize simulator card 000004D2 from the Master terminal first.
2026-05-19T10:47:12.308,ADMIN,,VIEW_BLOCKED_CARDS,SUCCESS,--- Blocked Cards --- ID: 0000007B | Reported At: 2026-04-29T19:08:38.053
2026-06-02T17:00:20.761,AUTH,,LOGIN_ADMIN,SUCCESS,Admin login successful
2026-06-02T17:00:23.136,ADMIN,,DEACTIVATE,DENIED,ERROR: Member ID cannot be empty
2026-06-02T17:00:38.017,ADMIN,000004D2,DEACTIVATE,SUCCESS,Card 000004D2 deactivated in backend policy.
2026-06-02T17:00:56.049,ADMIN,000004D2,READ_STATUS,SUCCESS,Card 000004D2 | BackendStatus=INACTIVE | Expiry=20261231 | Package=STANDARD | Blocked=false | SimulatorSession=false | AppletActive=false | AccessCache=NOT_SYNCED
2026-06-02T17:01:16.91,ADMIN,,VIEW_BLOCKED_CARDS,SUCCESS,--- Blocked Cards --- ID: 0000007B | Reported At: 2026-04-29T19:08:38.053
2026-06-02T17:01:25.651,ADMIN,000004D2,BLOCK,SUCCESS,Card 000004D2 has been added to the Block List. No simulator card session exists for 000004D2
2026-06-02T17:01:44.335,ADMIN,000004D2,RENEW,DENIED,ERROR: Card 000004D2 is BLOCKED. Cannot renew.
2026-06-02T17:01:50.725,ADMIN,,VIEW_BLOCKED_CARDS,SUCCESS,--- Blocked Cards --- ID: 0000007B | Reported At: 2026-04-29T19:08:38.053 ID: 000004D2 | Reported At: 2026-06-02T17:01:25.635
2026-06-02T17:01:53.186,ADMIN,000004D2,READ_STATUS,SUCCESS,Card 000004D2 | BackendStatus=BLOCKED | Expiry=20261231 | Package=STANDARD | Blocked=true | SimulatorSession=false | AppletActive=false | AccessCache=NOT_SYNCED
2026-06-02T17:01:56.15,ADMIN,000004D2,ACTIVATE,DENIED,ERROR: Card 000004D2 is BLOCKED. Cannot activate.
2026-06-02T17:03:14.758,ADMIN,000004D2,ACTIVATE,DENIED,ERROR: Card 000004D2 is BLOCKED. Cannot activate.
2026-06-02T17:03:16.948,ADMIN,000004D2,DEACTIVATE,SUCCESS,Card 000004D2 deactivated in backend policy.
2026-06-02T17:03:19.491,ADMIN,000004D2,DEACTIVATE,SUCCESS,Card 000004D2 deactivated in backend policy.
2026-06-02T17:03:20.246,ADMIN,000004D2,DEACTIVATE,SUCCESS,Card 000004D2 deactivated in backend policy.
2026-06-02T17:04:53.727,ADMIN,000004D2,READ_STATUS,SUCCESS,Card 000004D2 | BackendStatus=INACTIVE | Expiry=20261231 | Package=STANDARD | Blocked=true | SimulatorSession=false | AppletActive=false | AccessCache=NOT_SYNCED
2026-06-02T17:05:10.249,AUTH,,LOGIN_MASTER,SUCCESS,Master login successful
2026-06-02T17:05:15.491,MASTER,,INITIALIZE,DENIED,ERROR: Member ID cannot be empty
2026-06-02T17:05:18.158,MASTER,,PERSONALIZE,DENIED,ERROR: Member ID cannot be empty
2026-06-02T17:05:31.652,MASTER,000004D3,INITIALIZE,SUCCESS,Master Terminal initialized simulator card 000004D3 with package STANDARD.
2026-06-02T17:05:37.711,MASTER,000004D3,INSTALL_CERTIFICATE,SUCCESS,Certificate installed for simulator card 000004D3.
2026-06-02T17:05:40.945,ADMIN,000004D3,READ_STATUS,SUCCESS,Card 000004D3 | BackendStatus=INITIALIZED | Expiry=N/A | Package=STANDARD | Blocked=false | SimulatorSession=true | AppletActive=false | AccessCache=NOT_SYNCED
2026-06-02T17:05:44.935,MASTER,000004D3,PERSONALIZE,SUCCESS,Card 000004D3 personalized with package STANDARD.
2026-06-02T17:05:48.762,MASTER,000004D3,PERSONALIZE,SUCCESS,Card 000004D3 personalized with package STANDARD.
2026-06-02T17:05:53.696,MASTER,000004D3,LOAD_ISSUER_DATA,SUCCESS,Issuer public data loaded on simulator card 000004D3.
2026-06-02T17:06:13.051,AUTH,,LOGIN_ACCESS,SUCCESS,Access login successful
2026-06-02T17:06:21.131,ACCESS,,SYNC_TERMINALS,SUCCESS,Terminal cache synced at 2026-06-02T17:06:21.131 | Active cards: 0 | Blocked cards: 2 | Block version: 2
2026-06-02T17:06:26.363,ACCESS,000004D3,CHECK_IN_T1,DENIED,ACCESS DENIED: Card is not present in the access terminal Active List snapshot.
2026-06-02T17:06:31.885,ACCESS,000004D2,CHECK_IN_T1,DENIED,ACCESS DENIED: Card is in the access terminal Block List snapshot.
2026-06-02T17:07:08.565,ACCESS,000004D2,CHECK_IN_T2,DENIED,ACCESS DENIED: Card is in the access terminal Block List snapshot.
2026-06-02T17:07:20.615,ACCESS,000004D2,CHECK_IN_T1,DENIED,ACCESS DENIED: Card is in the access terminal Block List snapshot.
2026-06-02T17:07:55.014,AUTH,,LOGIN_MASTER,SUCCESS,Master login successful
2026-06-02T17:08:02.645,AUTH,,LOGIN,DENIED,Invalid password
2026-06-02T17:08:05.997,AUTH,,LOGIN,DENIED,Invalid password
2026-06-02T17:08:07.314,AUTH,,LOGIN,DENIED,Invalid password
2026-06-02T17:08:08.58,AUTH,,LOGIN,DENIED,Invalid password
2026-06-02T17:08:12.797,AUTH,,LOGIN_ADMIN,SUCCESS,Admin login successful
2026-06-02T17:08:17.881,ADMIN,,VIEW_BLOCKED_CARDS,SUCCESS,--- Blocked Cards --- ID: 0000007B | Reported At: 2026-04-29T19:08:38.053 ID: 000004D2 | Reported At: 2026-06-02T17:01:25.635
2026-06-02T17:08:20.035,ADMIN,000004D2,DEACTIVATE,SUCCESS,Card 000004D2 deactivated in backend policy.
2026-06-02T17:09:19.707,ADMIN,000004D3,ACTIVATE,DENIED,ERROR: Expiry date cannot be empty
2026-06-02T17:09:38.436,ADMIN,000004D3,ACTIVATE,SUCCESS,Card 000004D3 activated until 20260603. Phone linked: N/A
2026-06-02T17:09:51.299,ADMIN,000004D3,RENEW,SUCCESS,Membership for card 000004D3 renewed until 20260603
2026-06-03T17:04:56.918,AUTH,,LOGIN_MASTER,SUCCESS,Master login successful
2026-06-03T17:05:06.849,MASTER,000015B3,INITIALIZE,SUCCESS,Master Terminal initialized simulator card 000015B3 with package STANDARD.
2026-06-03T17:05:09.079,MASTER,000015B3,PERSONALIZE,SUCCESS,Card 000015B3 personalized with package STANDARD.
2026-06-03T17:05:16.492,MASTER,000015B3,INSTALL_CERTIFICATE,SUCCESS,Certificate installed for simulator card 000015B3.
2026-06-03T17:05:23.061,ADMIN,000015B3,READ_STATUS,SUCCESS,Card 000015B3 | BackendStatus=INITIALIZED | Expiry=N/A | Package=STANDARD | Blocked=false | SimulatorSession=true | AppletActive=false | AccessCache=NOT_SYNCED
2026-06-03T17:05:30.486,MASTER,000015B3,LOAD_ISSUER_DATA,SUCCESS,Issuer public data loaded on simulator card 000015B3.
2026-06-03T17:05:32.222,ADMIN,000015B3,READ_STATUS,SUCCESS,Card 000015B3 | BackendStatus=INITIALIZED | Expiry=N/A | Package=STANDARD | Blocked=false | SimulatorSession=true | AppletActive=false | AccessCache=NOT_SYNCED
2026-06-03T17:05:43.11,AUTH,,LOGIN_ADMIN,SUCCESS,Admin login successful
2026-06-03T17:05:47.465,ADMIN,000015B3,ACTIVATE,SUCCESS,Card 000015B3 activated until 20261231. Phone linked: N/A
2026-06-03T17:05:50.532,ADMIN,000015B3,RENEW,SUCCESS,Membership for card 000015B3 renewed until 20261231
2026-06-03T17:05:53.79,ADMIN,000015B3,READ_STATUS,SUCCESS,Card 000015B3 | BackendStatus=ACTIVE | Expiry=20261231 | Package=STANDARD | Blocked=false | SimulatorSession=true | AppletActive=true | AccessCache=NOT_SYNCED
2026-06-03T17:05:57.322,ADMIN,,VIEW_BLOCKED_CARDS,SUCCESS,--- Blocked Cards --- ID: 0000007B | Reported At: 2026-04-29T19:08:38.053 ID: 000004D2 | Reported At: 2026-04-29T19:08:38.053
2026-06-03T17:06:08.574,AUTH,,LOGIN_ACCESS,SUCCESS,Access login successful
2026-06-03T17:06:12.508,ACCESS,,SYNC_TERMINALS,SUCCESS,Terminal cache synced at 2026-06-03T17:06:12.507 | Active cards: 2 | Blocked cards: 2 | Block version: 2
2026-06-03T17:06:16.009,ACCESS,000015B3,CHECK_IN_T1,SUCCESS,ACCESS GRANTED: Tier 1 access granted by simulator card [000015B3]
2026-06-03T17:06:17.045,ACCESS,000015B3,CHECK_IN_T1,SUCCESS,ACCESS GRANTED: Tier 1 access granted by simulator card [000015B3]
2026-06-03T17:06:17.435,ACCESS,000015B3,CHECK_IN_T1,SUCCESS,ACCESS GRANTED: Tier 1 access granted by simulator card [000015B3]
2026-06-03T17:06:17.769,ACCESS,000015B3,CHECK_IN_T1,SUCCESS,ACCESS GRANTED: Tier 1 access granted by simulator card [000015B3]
2026-06-03T17:06:18.568,ADMIN,000015B3,READ_STATUS,SUCCESS,Card 000015B3 | BackendStatus=ACTIVE | Expiry=20261231 | Package=STANDARD | Blocked=false | SimulatorSession=true | AppletActive=true | AccessCache=SYNCED
2026-06-03T17:06:19.717,ACCESS,000015B3,CHECK_IN_T2,SUCCESS,ACCESS GRANTED: Tier 2 access granted by simulator card. DailyCounter=1 [000015B3]
2026-06-03T17:06:20.26,ACCESS,000015B3,CHECK_IN_T2,SUCCESS,ACCESS GRANTED: Tier 2 access granted by simulator card. DailyCounter=2 [000015B3]
2026-06-03T17:06:20.784,ACCESS,000015B3,CHECK_IN_T2,DENIED,ACCESS DENIED: Tier 2 step 2 failed with SW=6985 [000015B3]
2026-06-03T17:06:22.275,ACCESS,000015B3,CHECK_IN_T2,DENIED,ACCESS DENIED: Tier 2 step 2 failed with SW=6985 [000015B3]
2026-06-03T17:06:25.077,ADMIN,000015B3,READ_STATUS,SUCCESS,Card 000015B3 | BackendStatus=ACTIVE | Expiry=20261231 | Package=STANDARD | Blocked=false | SimulatorSession=true | AppletActive=true | AccessCache=SYNCED
2026-06-04T16:44:56.864,AUTH,,LOGIN_ADMIN,SUCCESS,Admin login successful
2026-06-04T16:45:02.812,ADMIN,0000007B,ACTIVATE,DENIED,ERROR: Card 0000007B is BLOCKED. Cannot activate.
2026-06-04T16:45:06.209,ADMIN,000004D2,ACTIVATE,DENIED,ERROR: Card 000004D2 is BLOCKED. Cannot activate.
2026-06-04T16:45:09.071,ADMIN,0000303A,ACTIVATE,DENIED,ERROR: Could not verify card before activation: Card certificate signature verification failed
2026-06-04T16:45:50.98,AUTH,,LOGIN_MASTER,SUCCESS,Master login successful
2026-06-04T16:45:53.737,MASTER,00003039,INITIALIZE,SUCCESS,Master Terminal initialized hardware card 00003039 with package STANDARD.
2026-06-04T16:45:57.42,MASTER,00003039,PERSONALIZE,SUCCESS,Card 00003039 personalized with package STANDARD.
2026-06-04T16:45:58.599,MASTER,00003039,INSTALL_CERTIFICATE,SUCCESS,Certificate installed for hardware card 00003039.
2026-06-04T16:46:00.769,MASTER,00003039,LOAD_ISSUER_DATA,SUCCESS,Issuer public data loaded on hardware card 00003039.
2026-06-04T16:46:01.743,ADMIN,00003039,READ_STATUS,SUCCESS,Card 00003039 | BackendStatus=INITIALIZED | Expiry=N/A | Package=STANDARD | Blocked=false | Gateway=HARDWARE | CardSession=true | AppletActive=false | AccessCache=NOT_SYNCED
2026-06-04T16:46:19.492,AUTH,,LOGIN_ADMIN,SUCCESS,Admin login successful
2026-06-04T16:46:24.655,ADMIN,00003039,ACTIVATE,SUCCESS,Card 00003039 activated until 20261231. Phone linked: N/A
2026-06-04T16:46:27.542,ADMIN,00003039,RENEW,SUCCESS,Membership for card 00003039 renewed until 20261231
2026-06-04T16:46:29.132,ADMIN,00003039,READ_STATUS,SUCCESS,Card 00003039 | BackendStatus=ACTIVE | Expiry=20261231 | Package=STANDARD | Blocked=false | Gateway=HARDWARE | CardSession=true | AppletActive=true | AccessCache=NOT_SYNCED
2026-06-04T16:46:35.833,ADMIN,,VIEW_BLOCKED_CARDS,SUCCESS,--- Blocked Cards --- ID: 0000007B | Reported At: 2026-04-29T19:08:38.053 ID: 000004D2 | Reported At: 2026-04-29T19:08:38.053
2026-06-04T16:46:42,AUTH,,LOGIN_ACCESS,SUCCESS,Access login successful
2026-06-04T16:46:45.715,ACCESS,,SYNC_TERMINALS,SUCCESS,Terminal cache synced at 2026-06-04T16:46:45.715 | Active cards: 3 | Blocked cards: 2 | Block version: 2
2026-06-04T16:46:49.359,ACCESS,00003039,CHECK_IN_T1,SUCCESS,ACCESS GRANTED: Tier 1 access granted by physical card [00003039]
2026-06-04T16:46:50.542,ACCESS,00003039,CHECK_IN_T1,SUCCESS,ACCESS GRANTED: Tier 1 access granted by physical card [00003039]
2026-06-04T16:46:50.891,ACCESS,00003039,CHECK_IN_T1,SUCCESS,ACCESS GRANTED: Tier 1 access granted by physical card [00003039]
2026-06-04T16:46:51.196,ACCESS,00003039,CHECK_IN_T1,SUCCESS,ACCESS GRANTED: Tier 1 access granted by physical card [00003039]
2026-06-04T16:46:51.5,ACCESS,00003039,CHECK_IN_T1,SUCCESS,ACCESS GRANTED: Tier 1 access granted by physical card [00003039]
2026-06-04T16:46:52.12,ADMIN,00003039,READ_STATUS,SUCCESS,Card 00003039 | BackendStatus=ACTIVE | Expiry=20261231 | Package=STANDARD | Blocked=false | Gateway=HARDWARE | CardSession=true | AppletActive=true | AccessCache=SYNCED
2026-06-04T16:46:55.477,ACCESS,00003039,CHECK_IN_T2,DENIED,ACCESS DENIED: Tier 2 step 2 failed with SW=6F00 [00003039]
2026-06-04T16:46:58.36,ACCESS,00003039,CHECK_IN_T2,DENIED,ACCESS DENIED: Tier 2 step 2 failed with SW=6F00 [00003039]
2026-06-04T16:46:59.141,ACCESS,00003039,CHECK_IN_T2,DENIED,ACCESS DENIED: Tier 2 step 2 failed with SW=6F00 [00003039]
2026-06-04T16:47:02.529,ADMIN,00003039,READ_STATUS,SUCCESS,Card 00003039 | BackendStatus=ACTIVE | Expiry=20261231 | Package=STANDARD | Blocked=false | Gateway=HARDWARE | CardSession=true | AppletActive=true | AccessCache=SYNCED
2026-06-04T16:47:12.794,AUTH,,LOGIN_ADMIN,SUCCESS,Admin login successful
2026-06-04T16:47:17.38,ADMIN,00003039,READ_STATUS,SUCCESS,Card 00003039 | BackendStatus=ACTIVE | Expiry=20261231 | Package=STANDARD | Blocked=false | Gateway=HARDWARE | CardSession=true | AppletActive=true | AccessCache=SYNCED
2026-06-04T16:47:30.641,AUTH,,LOGIN_MASTER,SUCCESS,Master login successful
2026-06-04T16:47:33.99,ADMIN,00003039,READ_STATUS,SUCCESS,Card 00003039 | BackendStatus=ACTIVE | Expiry=20261231 | Package=STANDARD | Blocked=false | Gateway=HARDWARE | CardSession=true | AppletActive=true | AccessCache=SYNCED
2026-06-04T16:47:39.156,MASTER,00003039,LOAD_ISSUER_DATA,SUCCESS,Issuer public data loaded on hardware card 00003039.
2026-06-04T16:57:10.302,AUTH,,LOGIN_ADMIN,SUCCESS,Admin login successful
2026-06-04T16:57:14.039,ADMIN,00003039,READ_STATUS,SUCCESS,Card 00003039 | BackendStatus=ACTIVE | Expiry=20261231 | Package=STANDARD | Blocked=false | Gateway=SIMULATOR | CardSession=false | AppletActive=false | AccessCache=NOT_SYNCED
2026-06-04T16:57:30.142,AUTH,,LOGIN_ACCESS,SUCCESS,Access login successful
2026-06-04T16:57:34.286,ACCESS,00003039,CHECK_IN_T1,DENIED,ACCESS DENIED: Access terminal cache is not synced. Press Sync Terminals first.
2026-06-04T16:57:35.811,ACCESS,,SYNC_TERMINALS,SUCCESS,Terminal cache synced at 2026-06-04T16:57:35.811 | Active cards: 3 | Blocked cards: 2 | Block version: 2
2026-06-04T16:57:36.494,ACCESS,00003039,CHECK_IN_T1,DENIED,ACCESS DENIED: SIMULATOR card session does not exist. Initialize/select the card first.
2026-06-04T16:57:46.254,AUTH,,LOGIN_MASTER,SUCCESS,Master login successful
2026-06-04T16:57:48.181,MASTER,00003039,INITIALIZE,SUCCESS,Master Terminal initialized simulator card 00003039 with package STANDARD.
2026-06-04T16:57:49.656,MASTER,00003039,PERSONALIZE,SUCCESS,Card 00003039 personalized with package STANDARD.
2026-06-04T16:57:51.489,MASTER,00003039,PERSONALIZE,SUCCESS,Card 00003039 personalized with package STANDARD.
2026-06-04T16:57:52.381,MASTER,00003039,INSTALL_CERTIFICATE,SUCCESS,Certificate installed for simulator card 00003039.
2026-06-04T16:57:57.197,MASTER,00003039,LOAD_ISSUER_DATA,SUCCESS,Issuer public data loaded on simulator card 00003039.
2026-06-04T16:57:58.864,ADMIN,00003039,READ_STATUS,SUCCESS,Card 00003039 | BackendStatus=ACTIVE | Expiry=20261231 | Package=STANDARD | Blocked=false | Gateway=SIMULATOR | CardSession=true | AppletActive=false | AccessCache=SYNCED
2026-06-04T16:58:03.894,AUTH,,LOGIN_ADMIN,SUCCESS,Admin login successful
2026-06-04T16:58:05.103,ADMIN,00003039,ACTIVATE,SUCCESS,Card 00003039 activated until 20261231. Phone linked: N/A
2026-06-04T16:58:16.071,AUTH,,LOGIN_ACCESS,SUCCESS,Access login successful
2026-06-04T16:58:18.398,ACCESS,00003039,CHECK_IN_T1,SUCCESS,ACCESS GRANTED: Tier 1 access granted by simulator card [00003039]
2026-06-04T16:58:19.086,ACCESS,00003039,CHECK_IN_T1,SUCCESS,ACCESS GRANTED: Tier 1 access granted by simulator card [00003039]
2026-06-04T16:58:19.387,ACCESS,00003039,CHECK_IN_T1,SUCCESS,ACCESS GRANTED: Tier 1 access granted by simulator card [00003039]
2026-06-04T16:58:19.546,ACCESS,00003039,CHECK_IN_T1,SUCCESS,ACCESS GRANTED: Tier 1 access granted by simulator card [00003039]
2026-06-04T16:58:19.695,ACCESS,00003039,CHECK_IN_T1,SUCCESS,ACCESS GRANTED: Tier 1 access granted by simulator card [00003039]
2026-06-04T16:58:19.823,ACCESS,00003039,CHECK_IN_T1,SUCCESS,ACCESS GRANTED: Tier 1 access granted by simulator card [00003039]
2026-06-04T16:58:19.967,ACCESS,00003039,CHECK_IN_T1,SUCCESS,ACCESS GRANTED: Tier 1 access granted by simulator card [00003039]
2026-06-04T16:58:20.493,ACCESS,00003039,CHECK_IN_T2,SUCCESS,ACCESS GRANTED: Tier 2 access granted by simulator card. DailyCounter=1 [00003039]
2026-06-04T16:58:21.578,ACCESS,00003039,CHECK_IN_T2,SUCCESS,ACCESS GRANTED: Tier 2 access granted by simulator card. DailyCounter=2 [00003039]
2026-06-04T16:58:22.073,ACCESS,00003039,CHECK_IN_T2,DENIED,ACCESS DENIED: Tier 2 step 2 failed with SW=6985 [00003039]
2026-06-04T16:58:38.342,AUTH,,LOGIN_ACCESS,SUCCESS,Access login successful
2026-06-04T16:58:41.076,ACCESS,,SYNC_TERMINALS,SUCCESS,Terminal cache synced at 2026-06-04T16:58:41.076 | Active cards: 3 | Blocked cards: 2 | Block version: 2
2026-06-04T16:58:42.91,ACCESS,00003039,CHECK_IN_T1,SUCCESS,ACCESS GRANTED: Tier 1 access granted by physical card [00003039]
2026-06-04T16:58:43.802,ACCESS,00003039,CHECK_IN_T1,SUCCESS,ACCESS GRANTED: Tier 1 access granted by physical card [00003039]
2026-06-04T16:58:44.17,ACCESS,00003039,CHECK_IN_T1,SUCCESS,ACCESS GRANTED: Tier 1 access granted by physical card [00003039]
2026-06-04T16:58:44.497,ACCESS,00003039,CHECK_IN_T1,SUCCESS,ACCESS GRANTED: Tier 1 access granted by physical card [00003039]
2026-06-04T16:58:45.035,ACCESS,00003039,CHECK_IN_T2,DENIED,ACCESS DENIED: Tier 2 step 2 failed with SW=6F00 [00003039]
2026-06-04T16:58:45.946,ACCESS,00003039,CHECK_IN_T2,DENIED,ACCESS DENIED: Tier 2 step 2 failed with SW=6F00 [00003039]
2026-06-04T16:58:47.897,ACCESS,00003039,CHECK_IN_T2,DENIED,ACCESS DENIED: Tier 2 step 2 failed with SW=6F00 [00003039]
2026-06-04T17:01:37.16,ACCESS,00003039,CHECK_IN_T2,DENIED,ACCESS DENIED: Tier 2 step 2 failed with SW=6F00 [00003039]
2026-06-04T17:01:40.712,ADMIN,00003039,READ_STATUS,SUCCESS,Card 00003039 | BackendStatus=ACTIVE | Expiry=20261231 | Package=STANDARD | Blocked=false | Gateway=HARDWARE | CardSession=true | AppletActive=true | AccessCache=SYNCED
2026-06-04T17:30:54.054,AUTH,,LOGIN_ACCESS,SUCCESS,Access login successful
2026-06-04T17:30:56.591,ACCESS,,SYNC_TERMINALS,SUCCESS,Terminal cache synced at 2026-06-04T17:30:56.591 | Active cards: 3 | Blocked cards: 2 | Block version: 2
2026-06-04T17:30:57.636,ACCESS,00003039,CHECK_IN_T1,SUCCESS,ACCESS GRANTED: Tier 1 access granted by physical card [00003039]
2026-06-04T17:30:58.529,ACCESS,00003039,CHECK_IN_T1,SUCCESS,ACCESS GRANTED: Tier 1 access granted by physical card [00003039]
2026-06-04T17:30:59.047,ACCESS,00003039,CHECK_IN_T2,DENIED,ACCESS DENIED: Tier 2 step 2 failed with SW=6985 [00003039]
2026-06-04T17:31:00.178,ACCESS,00003039,CHECK_IN_T2,DENIED,ACCESS DENIED: Tier 2 step 2 failed with SW=6985 [00003039]
2026-06-04T17:31:08.807,ACCESS,,SYNC_TERMINALS,SUCCESS,Terminal cache synced at 2026-06-04T17:31:08.807 | Active cards: 3 | Blocked cards: 2 | Block version: 2
2026-06-04T17:31:09.746,ACCESS,0001E240,CHECK_IN_T1,DENIED,ACCESS DENIED: Card is not present in the access terminal Active List snapshot.
2026-06-04T17:31:16.25,AUTH,,LOGIN_MASTER,SUCCESS,Master login successful
2026-06-04T17:31:18,MASTER,0001E240,INITIALIZE,DENIED,ERROR: Failed to provision physical card 0001E240: Private key initialization failed with SW=6985
2026-06-04T17:31:25.923,MASTER,0001E240,INSTALL_CERTIFICATE,DENIED,ERROR: Failed to provision physical card 0001E240: Private key initialization failed with SW=6985
2026-06-04T17:31:26.667,MASTER,0001E240,PERSONALIZE,DENIED,ERROR: Failed to provision physical card 0001E240: Private key initialization failed with SW=6985
2026-06-04T17:31:29.544,ADMIN,0001E240,READ_STATUS,SUCCESS,Card 0001E240 | BackendStatus=UNKNOWN | Expiry=N/A | Package=N/A | Blocked=false | Gateway=HARDWARE | CardSession=true | AppletActive=true | AccessCache=SYNCED
2026-06-04T17:31:38.266,AUTH,,LOGIN_ADMIN,SUCCESS,Admin login successful
2026-06-04T17:31:39.922,ADMIN,0001E240,ACTIVATE,DENIED,ERROR: Could not verify card before activation: Inserted card certificate belongs to 00003039; not requested member 0001E240
2026-06-04T17:31:52.316,ADMIN,0001E240,READ_STATUS,SUCCESS,Card 0001E240 | BackendStatus=UNKNOWN | Expiry=N/A | Package=N/A | Blocked=false | Gateway=HARDWARE | CardSession=true | AppletActive=true | AccessCache=SYNCED
2026-06-04T17:33:41.797,ADMIN,0001E240,RENEW,DENIED,ERROR: Member 0001E240 is not registered
2026-06-04T17:33:53.172,ADMIN,0001E240,ACTIVATE,DENIED,ERROR: Could not verify card before activation: Inserted card certificate belongs to 00003039; not requested member 0001E240
2026-06-04T17:34:02.843,AUTH,,LOGIN_ADMIN,SUCCESS,Admin login successful
2026-06-04T17:34:12.671,ADMIN,00003039,READ_STATUS,SUCCESS,Card 00003039 | BackendStatus=ACTIVE | Expiry=20261231 | Package=STANDARD | Blocked=false | Gateway=HARDWARE | CardSession=true | AppletActive=true | AccessCache=NOT_SYNCED
2026-06-04T17:34:22.71,AUTH,,LOGIN_ACCESS,SUCCESS,Access login successful
2026-06-04T17:34:24.968,ACCESS,,SYNC_TERMINALS,SUCCESS,Terminal cache synced at 2026-06-04T17:34:24.968 | Active cards: 3 | Blocked cards: 2 | Block version: 2
2026-06-04T17:34:25.492,ACCESS,00003039,CHECK_IN_T1,SUCCESS,ACCESS GRANTED: Tier 1 access granted by physical card [00003039]
2026-06-04T17:34:27.789,ACCESS,00003039,CHECK_IN_T1,SUCCESS,ACCESS GRANTED: Tier 1 access granted by physical card [00003039]
2026-06-04T17:34:28.393,ACCESS,00003039,CHECK_IN_T1,SUCCESS,ACCESS GRANTED: Tier 1 access granted by physical card [00003039]
2026-06-04T17:34:29.778,ACCESS,00003039,CHECK_IN_T2,DENIED,ACCESS DENIED: Tier 2 step 2 failed with SW=6985 [00003039]
2026-06-04T17:34:31.977,ADMIN,00003039,READ_STATUS,SUCCESS,Card 00003039 | BackendStatus=ACTIVE | Expiry=20261231 | Package=STANDARD | Blocked=false | Gateway=HARDWARE | CardSession=true | AppletActive=true | AccessCache=SYNCED
2026-06-04T17:34:36.632,AUTH,,LOGIN_ADMIN,SUCCESS,Admin login successful
2026-06-04T17:34:38.981,ADMIN,00003039,RENEW,SUCCESS,Membership for card 00003039 renewed until 20271231
2026-06-04T17:34:44.061,AUTH,,LOGIN_ACCESS,SUCCESS,Access login successful
2026-06-04T17:34:45.889,ACCESS,00003039,CHECK_IN_T2,DENIED,ACCESS DENIED: Tier 2 step 2 failed with SW=6985 [00003039]
2026-06-04T17:34:46.976,ACCESS,00003039,CHECK_IN_T2,DENIED,ACCESS DENIED: Tier 2 step 2 failed with SW=6985 [00003039]
2026-06-05T16:02:28.598,AUTH,,LOGIN_MASTER,SUCCESS,Master login successful
2026-06-05T16:02:33.896,ADMIN,000004D2,READ_STATUS,SUCCESS,Card 000004D2 | BackendStatus=INACTIVE | Expiry=20261231 | Package=STANDARD | Blocked=true | Gateway=SIMULATOR | CardSession=false | AppletActive=false | AccessCache=NOT_SYNCED
2026-06-05T16:02:46.303,MASTER,000004D2,INITIALIZE,DENIED,ERROR: Card 000004D2 is BLOCKED. Cannot initialize.
2026-06-05T16:02:51.212,MASTER,0000303A,INITIALIZE,SUCCESS,Master Terminal initialized simulator card 0000303A with package STANDARD.
2026-06-05T16:02:53.151,MASTER,0000303A,PERSONALIZE,SUCCESS,Card 0000303A personalized with package STANDARD.
2026-06-05T16:02:54.341,MASTER,0000303A,INSTALL_CERTIFICATE,SUCCESS,Certificate installed for simulator card 0000303A.
2026-06-05T16:02:56.312,MASTER,0000303A,LOAD_ISSUER_DATA,SUCCESS,Issuer public data loaded on simulator card 0000303A.
2026-06-05T16:02:57.672,ADMIN,0000303A,READ_STATUS,SUCCESS,Card 0000303A | BackendStatus=INITIALIZED | Expiry=N/A | Package=STANDARD | Blocked=false | Gateway=SIMULATOR | CardSession=true | AppletActive=false | AccessCache=NOT_SYNCED
2026-06-05T16:03:37.014,AUTH,,LOGIN_ACCESS,SUCCESS,Access login successful
2026-06-05T16:03:40.306,ACCESS,,SYNC_TERMINALS,SUCCESS,Terminal cache synced at 2026-06-05T16:03:40.306 | Active cards: 3 | Blocked cards: 2 | Block version: 2
2026-06-05T16:03:53.494,ADMIN,00003039,READ_STATUS,DENIED,ERROR: No card was inserted in reader 'OMNIKEY AG Smart Card Reader USB 0' within 10000 ms
2026-06-05T16:03:58.637,AUTH,,LOGIN_ADMIN,SUCCESS,Admin login successful
2026-06-05T16:04:12.903,ADMIN,00003039,READ_STATUS,SUCCESS,Card 00003039 | BackendStatus=ACTIVE | Expiry=20271231 | Package=STANDARD | Blocked=false | Gateway=HARDWARE | CardSession=true | AppletActive=true | AccessCache=SYNCED
2026-06-05T16:04:24.182,AUTH,,LOGIN_ADMIN,SUCCESS,Admin login successful
2026-06-05T16:04:28.555,ADMIN,00003039,READ_STATUS,SUCCESS,Card 00003039 | BackendStatus=ACTIVE | Expiry=20271231 | Package=STANDARD | Blocked=false | Gateway=HARDWARE | CardSession=true | AppletActive=true | AccessCache=NOT_SYNCED
2026-06-05T16:04:39.871,ADMIN,,VIEW_BLOCKED_CARDS,SUCCESS,--- Blocked Cards --- ID: 0000007B | Reported At: 2026-04-29T19:08:38.053 ID: 000004D2 | Reported At: 2026-04-29T19:08:38.053
2026-06-05T16:04:46.263,AUTH,,LOGIN_ACCESS,SUCCESS,Access login successful
2026-06-05T16:04:49.788,ACCESS,,SYNC_TERMINALS,SUCCESS,Terminal cache synced at 2026-06-05T16:04:49.788 | Active cards: 3 | Blocked cards: 2 | Block version: 2
2026-06-05T16:04:51.468,ACCESS,00003039,CHECK_IN_T1,SUCCESS,ACCESS GRANTED: Tier 1 access granted by physical card [00003039]
2026-06-05T16:04:52.396,ACCESS,00003039,CHECK_IN_T1,SUCCESS,ACCESS GRANTED: Tier 1 access granted by physical card [00003039]
2026-06-05T16:04:52.893,ACCESS,00003039,CHECK_IN_T1,SUCCESS,ACCESS GRANTED: Tier 1 access granted by physical card [00003039]
2026-06-05T16:04:53.505,ADMIN,00003039,READ_STATUS,SUCCESS,Card 00003039 | BackendStatus=ACTIVE | Expiry=20271231 | Package=STANDARD | Blocked=false | Gateway=HARDWARE | CardSession=true | AppletActive=true | AccessCache=SYNCED
2026-06-05T16:15:20.274,AUTH,,LOGIN_ADMIN,SUCCESS,Admin login successful
2026-06-05T16:16:22.775,AUTH,,LOGIN_MASTER,SUCCESS,Master login successful
2026-06-05T16:16:31.468,ADMIN,0001E240,READ_STATUS,SUCCESS,Card 0001E240 | BackendStatus=UNKNOWN | Expiry=N/A | Package=N/A | Blocked=false | Gateway=HARDWARE | CardSession=true | AppletActive=true | AccessCache=NOT_SYNCED
2026-06-05T16:16:40.092,MASTER,0001E240,INITIALIZE,DENIED,ERROR: Failed to provision physical card 0001E240: Private key initialization failed with SW=6985
2026-06-05T16:16:45.939,MASTER,0012D687,INITIALIZE,DENIED,ERROR: Failed to provision physical card 0012D687: Private key initialization failed with SW=6985
2026-06-05T16:17:12.686,MASTER,00003039,INITIALIZE,DENIED,ERROR: Failed to provision physical card 00003039: Private key initialization failed with SW=6985
2026-06-05T16:17:14.259,ADMIN,00003039,READ_STATUS,SUCCESS,Card 00003039 | BackendStatus=ACTIVE | Expiry=20271231 | Package=STANDARD | Blocked=false | Gateway=HARDWARE | CardSession=true | AppletActive=true | AccessCache=NOT_SYNCED
2026-06-05T16:17:22.372,MASTER,0001E240,LOAD_ISSUER_DATA,SUCCESS,Issuer public data loaded on hardware card 0001E240.
2026-06-05T16:17:23.602,MASTER,0001E240,INITIALIZE,DENIED,ERROR: Failed to provision physical card 0001E240: Private key initialization failed with SW=6985
2026-06-05T16:17:25.465,MASTER,0001E240,INSTALL_CERTIFICATE,DENIED,ERROR: Failed to provision physical card 0001E240: Private key initialization failed with SW=6985
2026-06-05T16:17:30.061,MASTER,0012D687,INSTALL_CERTIFICATE,DENIED,ERROR: Failed to provision physical card 0012D687: Private key initialization failed with SW=6985
2026-06-05T16:17:36.308,AUTH,,LOGIN_MASTER,SUCCESS,Master login successful
2026-06-05T16:19:53.296,AUTH,,LOGIN_ACCESS,SUCCESS,Access login successful
2026-06-05T16:19:57.106,ACCESS,,SYNC_TERMINALS,SUCCESS,Terminal cache synced at 2026-06-05T16:19:57.106 | Active cards: 3 | Blocked cards: 2 | Block version: 2
2026-06-05T16:19:58.313,ACCESS,00003039,CHECK_IN_T1,SUCCESS,ACCESS GRANTED: Tier 1 access granted by physical card [00003039]
2026-06-05T16:19:59.517,ACCESS,00003039,CHECK_IN_T1,SUCCESS,ACCESS GRANTED: Tier 1 access granted by physical card [00003039]
2026-06-05T16:20:25.736,ACCESS,000004D2,CHECK_IN_T1,DENIED,ACCESS DENIED: Card is in the access terminal Block List snapshot.
2026-06-05T16:20:27.56,ACCESS,000004D2,CHECK_IN_T1,DENIED,ACCESS DENIED: Card is in the access terminal Block List snapshot.
2026-06-05T16:20:39.872,AUTH,,LOGIN_ADMIN,SUCCESS,Admin login successful
2026-06-05T16:20:42.902,ADMIN,00003039,ACTIVATE,SUCCESS,Card 00003039 activated until 20261231. Phone linked: N/A
2026-06-05T16:20:45.209,ADMIN,00003039,READ_STATUS,SUCCESS,Card 00003039 | BackendStatus=ACTIVE | Expiry=20261231 | Package=STANDARD | Blocked=false | Gateway=HARDWARE | CardSession=true | AppletActive=true | AccessCache=SYNCED
2026-06-05T16:20:51.751,AUTH,,LOGIN_MASTER,SUCCESS,Master login successful
2026-06-05T16:20:54.619,MASTER,00003039,INITIALIZE,DENIED,ERROR: Failed to provision physical card 00003039: Private key initialization failed with SW=6985
